{"roc_plot": {"_type": "plotly-file", "sha256": "275677e01dfb08f5254b3b3b488adcf16ee0279461e2214d2ffc9eeef6efe0bc", "size": 15525, "path": "media/plotly/roc_plot_7_275677e01dfb08f5254b.plotly.json"}, "_timestamp": 1675813178.3936589, "_runtime": 15.381722927093506, "_step": 7, "epochs": 0, "validation_binary_cross_entropy": 0.6517338752746582, "style": "dotted", "validation_prc-auc": 0.6252726201002063, "training_binary_cross_entropy": 0.41279229521751404, "training_prc-auc": 0.775899514161384, "_wandb": {"runtime": 15}}