{"min": -4.30102999378524, "max": 2.861456977931}