{"roc_plot": {"_type": "plotly-file", "sha256": "6ffb2edc07908514c90df76228bba60b4427dcb51fde81033250660a0eaff3f3", "size": 17345, "path": "media/plotly/roc_plot_1_6ffb2edc07908514c90d.plotly.json"}, "_timestamp": 1675812580.8889248, "_runtime": 16.62033772468567, "_step": 5, "epochs": 0, "validation_binary_cross_entropy": 0.5561742186546326, "style": "dotted", "validation_prc-auc": 0.6735081502480511, "training_binary_cross_entropy": 0.3853148818016052, "training_prc-auc": 0.7580490644786131, "_wandb": {"runtime": 15}}