{"auc'": 0.5, "loss": 0.8, "_timestamp": 1667742026.1059496, "_runtime": 2.4585986137390137, "_step": 0, "_wandb": {"runtime": 14}}