{"roc_curve_0": {"_type": "image-file", "sha256": "4861adb88db3875395cd16dcde70fcdbff4293560185776ef4a3c4c40304d8c0", "size": 28943, "path": "media/images/roc_curve_0_13_4861adb88db3875395cd", "format": "", "width": 640, "height": 480}, "_timestamp": 1675812144.8156953, "_runtime": 37.60456323623657, "_step": 17, "epochs": 2, "validation_binary_cross_entropy": 0.49121424555778503, "style": "dotted", "validation_prc-auc": 0.800206043956044, "training_binary_cross_entropy": 0.33184289932250977, "training_prc-auc": 0.8370873492455971, "_wandb": {"runtime": 37}}