{"roc_plot": {"_type": "plotly-file", "sha256": "8261f628dd7d48fba7994493368c63e986fde2014ffb128f74dbbc6fefce1ff1", "size": 18025, "path": "media/plotly/roc_plot_7_8261f628dd7d48fba799.plotly.json"}, "_timestamp": 1675813078.4604487, "_runtime": 15.48981785774231, "_step": 7, "epochs": 0, "validation_binary_cross_entropy": 0.4779756963253021, "style": "dotted", "validation_prc-auc": 0.7190646868066223, "training_binary_cross_entropy": 0.38678014278411865, "training_prc-auc": 0.7699618554297732, "_wandb": {"runtime": 15}}