{"mean_auc": 0.7540749161033826, "_timestamp": 1667773830.9442582, "_runtime": 57.856401205062866, "_step": 0, "_wandb": {"runtime": 56}}