{"auc'": 0.8, "loss": 0.1, "_timestamp": 1667741958.1979825, "_runtime": 2.54941463470459, "_step": 0, "_wandb": {"runtime": 16}}