{"auc": "auc", "_timestamp": 1667742184.2293298, "_runtime": 2.272925853729248, "_step": 0, "_wandb": {"runtime": 43}}