{"mean": 38.21808198097145, "scale": 31.804976523608953}