,metric,value,fold,target
0,MSE,0.01976460963487625,0,AR
1,MAE,0.11517125368118286,0,AR
2,MdAE,0.11933249980211258,0,AR
3,ACPER,0.04116222760290557,0,AR
4,MAPE,13766.3583984375,0,AR
5,RMSE,0.14058665931224823,0,AR
