,metric,value,fold,target
0,MSE,0.07702388614416122,0,AR
1,MAE,0.2229572832584381,0,AR
2,MdAE,0.19679337739944458,0,AR
3,ACPER,0.0,0,AR
4,MAPE,-0.5150145292282104,0,AR
5,RMSE,0.27753177285194397,0,AR
