{"roc_plot": {"_type": "plotly-file", "sha256": "81f76176ff7d6d584161832eab41de4112161c4d04cd5d050add37d87902b0e2", "size": 17048, "path": "media/plotly/roc_plot_7_81f76176ff7d6d584161.plotly.json"}, "_timestamp": 1675812461.377364, "_runtime": 20.060642957687378, "_step": 7, "epochs": 0, "validation_binary_cross_entropy": 0.5516791939735413, "style": "dotted", "validation_prc-auc": 0.6246605186975857, "training_binary_cross_entropy": 0.37121400237083435, "training_prc-auc": 0.7508641315980765, "_wandb": {"runtime": 18}}