{"roc_plot": {"_type": "plotly-file", "sha256": "40d5edc1e2d223fbab41ff213e01a94fe0629cb8e787c90b12f55741c7421246", "size": 17353, "path": "media/plotly/roc_plot_1_40d5edc1e2d223fbab41.plotly.json"}, "_timestamp": 1675812353.7077012, "_runtime": 13.886949300765991, "_step": 5, "epochs": 0, "validation_binary_cross_entropy": 0.6108125448226929, "style": "dotted", "validation_prc-auc": 0.7646734832222348, "training_binary_cross_entropy": 0.3916402757167816, "training_prc-auc": 0.7654646018006647, "_wandb": {"runtime": 14}}