{"roc_plot": {"_type": "plotly-file", "sha256": "a8aaad2d4cf206112574a5858b34f130845d4af3ba1685c7cd41aa820b95e517", "size": 18431, "path": "media/plotly/roc_plot_7_a8aaad2d4cf206112574.plotly.json"}, "_timestamp": 1675812435.321936, "_runtime": 17.245213985443115, "_step": 7, "epochs": 0, "validation_binary_cross_entropy": 0.46492671966552734, "style": "dotted", "validation_prc-auc": 0.8015375310371172, "training_binary_cross_entropy": 0.38331738114356995, "training_prc-auc": 0.7411119260752219, "_wandb": {"runtime": 17}}