{"roc_plot": {"_type": "plotly-file", "sha256": "ce4b6ed1958282ff46b735bc187b886ef2f039881ed7a29cdec4ea1e074ca187", "size": 17049, "path": "media/plotly/roc_plot_7_ce4b6ed1958282ff46b7.plotly.json"}, "_timestamp": 1675813101.5957062, "_runtime": 17.298160314559937, "_step": 7, "epochs": 0, "validation_binary_cross_entropy": 0.4970601499080658, "style": "dotted", "validation_prc-auc": 0.6389272639358983, "training_binary_cross_entropy": 0.3893534243106842, "training_prc-auc": 0.77065448640795, "_wandb": {"runtime": 15}}