{"roc_plot": {"_type": "plotly-file", "sha256": "92dc15d1888cdbdb8e596a99667db932b0512daa4fedeb378654beb5929b3a84", "size": 16430, "path": "media/plotly/roc_plot_1_92dc15d1888cdbdb8e59.plotly.json"}, "_timestamp": 1675812288.3837185, "_runtime": 15.307282447814941, "_step": 5, "epochs": 0, "validation_binary_cross_entropy": 0.5619990229606628, "style": "dotted", "validation_prc-auc": 0.5822142692976984, "training_binary_cross_entropy": 0.3989071547985077, "training_prc-auc": 0.7545811677190181, "_wandb": {"runtime": 14}}