{"auc'": 0.8, "loss": 0.1, "_timestamp": 1667742522.735886, "_runtime": 1.9318821430206299, "_step": 0, "_wandb": {"runtime": 70}}