{"min": 3.26887728601154e-07, "max": 217.780004696737}